{
  "harmonics": {
    "2.0": 8111493.343908295,
    "4.0": 5667632.463624999,
    "4.4": 6175784.199637962,
    "8.0": 6280894.359224985,
    "9.1": 7335096.086822749,
    "16.0": 5772387.79675502,
    "18.2": 5714696.534463643,
    "32.0": 6022887.8607570175,
    "36.4": 6202306.419061365
  },
  "bit_count": 2000,
  "bit_density": 0.4995,
  "sample_bits": [
    1,
    0,
    0,
    0,
    0,
    0,
    0,
    0,
    0,
    0,
    0,
    0,
    0,
    0,
    0,
    0,
    0,
    0,
    0,
    0,
    0,
    0,
    0,
    0,
    0,
    0,
    0,
    0,
    0,
    0,
    0,
    0,
    0,
    0,
    0,
    0,
    0,
    0,
    0,
    0,
    0,
    0,
    0,
    0,
    0,
    0,
    0,
    0,
    0,
    0,
    0,
    0,
    1,
    1,
    1,
    1,
    1,
    1,
    1,
    1,
    1,
    1,
    1,
    1,
    1,
    1,
    1,
    1,
    1,
    1,
    1,
    1,
    1,
    1,
    1,
    1,
    1,
    1,
    1,
    1,
    1,
    1,
    1,
    1,
    1,
    1,
    1,
    1,
    1,
    1,
    1,
    1,
    1,
    1,
    1,
    1,
    1,
    1,
    1,
    1
  ]
}