{
  "timestamp_ns": 1766863004834505470,
  "cesium_cycles": 16242120991479357440,
  "quantum_data": {
    "storage_stats": {
      "total_cells": 0,
      "avg_coherence": 0.0,
      "temporal_span_ns": 0,
      "storage_types": {}
    },
    "temporal_integrity": {
      "current_timestamp_ns": 1766863004814120954,
      "current_cesium_cycles": 16242120991291963392,
      "current_tsc_cycles": 537061163925,
      "git_commit_hash": "d945387eb8e1cae0f359fe569742e8a38363357a",
      "git_commit_time": 1766863004,
      "tsc_frequency_hz": 1000500797.0915043,
      "cesium_ratio": 0.10883725380544687,
      "total_anchors": 8,
      "temporal_drift_ns": 73,
      "sync_status": "SYNCHRONIZED",
      "last_anchor_age_ns": 20381754
    }
  },
  "commit_message": "Quantum state sync"
}